timestamp,message
1729199823365,"INIT_START Runtime Version: nodejs:20.v42	Runtime Version ARN: arn:aws:lambda:us-east-1::runtime:af2737389420ddcdbcdc4db3585842c334ad2482127c15295905f54a62feefc6
"
1729199823704,"START RequestId: 10edf4ac-3345-459e-a646-03e35ecc50e3 Version: $LATEST
"
1729199823705,"2024-10-17T21:17:03.705Z	10edf4ac-3345-459e-a646-03e35ecc50e3	INFO	Attempting to retrieve API secret
"
1729199824782,"2024-10-17T21:17:04.782Z	10edf4ac-3345-459e-a646-03e35ecc50e3	INFO	API secret retrieved successfully
"
1729199825701,"2024-10-17T21:17:05.701Z	10edf4ac-3345-459e-a646-03e35ecc50e3	INFO	API request successfully
"
1729199825861,"END RequestId: 10edf4ac-3345-459e-a646-03e35ecc50e3
"
1729199825861,"REPORT RequestId: 10edf4ac-3345-459e-a646-03e35ecc50e3	Duration: 2155.69 ms	Billed Duration: 2156 ms	Memory Size: 128 MB	Max Memory Used: 91 MB	Init Duration: 336.40 ms	
"
1729199906619,"START RequestId: 938fba28-0407-492e-a56a-e00b555bc4a0 Version: $LATEST
"
1729199906980,"2024-10-17T21:18:26.980Z	938fba28-0407-492e-a56a-e00b555bc4a0	INFO	Attempting to retrieve API secret
"
1729199907880,"2024-10-17T21:18:27.880Z	938fba28-0407-492e-a56a-e00b555bc4a0	INFO	API secret retrieved successfully
"
1729199908973,"2024-10-17T21:18:28.973Z	938fba28-0407-492e-a56a-e00b555bc4a0	INFO	API request successfully
"
1729199909140,"END RequestId: 938fba28-0407-492e-a56a-e00b555bc4a0
"
1729199909140,"REPORT RequestId: 938fba28-0407-492e-a56a-e00b555bc4a0	Duration: 2520.22 ms	Billed Duration: 2521 ms	Memory Size: 128 MB	Max Memory Used: 102 MB	
"
1729200177473,"START RequestId: 6bf533b4-0b6e-495b-bdf3-9d5b019434be Version: $LATEST
"
1729200177474,"2024-10-17T21:22:57.474Z	6bf533b4-0b6e-495b-bdf3-9d5b019434be	INFO	Attempting to retrieve API secret
"
1729200177799,"2024-10-17T21:22:57.799Z	6bf533b4-0b6e-495b-bdf3-9d5b019434be	INFO	API secret retrieved successfully
"
1729200178039,"2024-10-17T21:22:58.039Z	6bf533b4-0b6e-495b-bdf3-9d5b019434be	INFO	API request successfully
"
1729200178179,"END RequestId: 6bf533b4-0b6e-495b-bdf3-9d5b019434be
"
1729200178179,"REPORT RequestId: 6bf533b4-0b6e-495b-bdf3-9d5b019434be	Duration: 704.13 ms	Billed Duration: 705 ms	Memory Size: 128 MB	Max Memory Used: 108 MB	
"